,byline,headline
0,By ERIC SCHMITT,"As ISIS Loses Land, It Gains Ground in Stateless Terror"
1,By SCOTT SHANE,Drone Data Shows Limits of Fighting Terror From the Sky
2,By JIM RUTENBERG,"When the Media Is Biased, and Doesn’t Try to Hide It"
3,By ANNIE WALDMAN,"A Student Loan That Can’t Be Forgiven, Not Even by Death"
4,By SHIVANI VORA,How to Get Your Passport in Order
5,By SAM SIFTON,Our Best Recipes for the Fourth of July
6,By SARAH LYALL,‘Brexit’ Upsets a London That Values Its Cultural Cacophony
7,,Farage Resigns as Head of U.K. Independence Party 10:24 AM ET
8,,‘Brexit’ Briefing: Mudslinging Among Conservatives 7:41 AM ET
9,By ADAM LIPTAK,Sotomayor Takes on Criminal Justice System in Dissents
10,By DWIGHT GARNER,Garrison Keillor Turns Out the Lights on Lake Wobegon
11,By JEFFREY GETTLEMAN and ISABEL KERSHNER 11:16 AM ET,Netanyahu Traces Path to Power Back to Lost Brother
12,By KATE MURPHY,Why Tech Support Is (Purposely) Unbearable
13,By EMMA G. FITZSIMMONS,New Jersey Savors Reprieve From Gas-Tax Increase
14,,Australian Candidates Woo Allies Amid Deadlock 9:26 AM ET
15,,Amazon Is Quietly Eliminating List Prices
16,,"Where ‘Not in My Backyard’ Prevails, Equality Does Not"
17,,Man Injured by Suspected Fireworks in Central Park
18,,What Clinton’s First 100 Days in Office Might Look Like
19,,"Elie Wiesel, Nobel Prize Winner, Dies at 87"
20,,"In ‘Bush,’ a Biography as a Scathing Indictment"
21,,A House That Love Built — Before It Was Gone
22,By SYLVIE KAUFFMANN,Why Frexit Won’t Happen
23,By TAHMIMA ANAM 6:35 AM ET,Horror and Sorrow in Dhaka
24,,Join us on Facebook »
25,By ROBERT G. PARKINSON,A Declaration of Fear
26,,Editorial: An Exodus in Our Own Backyard
27,,Blow: Giving Clinton Her Due
28,,"Krugman: Trump, Trade and Workers"
29,,"Editorial: This Fourth of July, Proclaim a Break With Brexit"
30,,"Op-Ed: Fire, Not Fireworks"
31,,An Irish-German-Chinese Perspective on ‘Brexit’
32,,"Pool Reporting, Literally"
33,,An Irish-German-Chinese Perspective on ‘Brexit’
34,,Play Today’s Puzzle
35,,Play Today’s Puzzle
36,,Helpful Theorem
37,,A Businessman in Ohio Is Confused for a Terrorist
38,,Editorial: The Salmon’s Swim for Survival
39,,"Pool Reporting, Literally"
40,,Rising Seas Threaten Remote Pacific Nation
41,,The Stone: There Is No Scientific Method
42,,How I Learned to Tolerate Blake Lively
43,,Obama After Dark: The Precious Hours Alone
44,,"Op-Ed: Fire, Not Fireworks"
45,,Captured by the Lens of Bill Cunningham
46,,Pillars of Black Media Fight for Survival
47,,Op-Ed: A Declaration of Fear
48,,Donald Trump Versus the ‘Haters’
49,,"Netanyahu Traces Path to Power Back to Entebbe, and Lost Brother"
50,,Nigel Farage Says He’ll Step Down as Head of U.K. Independence Party
51,,The Week Ahead: Investors Watch Bank of England for Brexit Plan as U.S. Releases Jobs Report
52,,A Brooklyn Neighborhood Where Airbnb Is Being Put to the Test
53,,Editorial: How to Revive the Promise of the European Union
54,,Frank Bruni: The Utter Inconsequence of Hillary’s Veep
55,,Black Man’s Fatal Encounter With Police Splits Mississippi City Known for Harmony
56,,What to Expect When NASA’s Spacecraft Juno Gets to Jupiter
57,,Still Want to Get the News on Facebook? Read All About It
58,,App Smart: Third-Party Keyboards Give Mobile Users More Options
59,,Review: ‘Il Trionfo’ and ‘Pelléas’ at the Aix-en-Provence Festival
60,,"Books of The Times: Review: ‘Bush,’ a Biography as Scathing Indictment"
61,,"Donald Trump’s Star of David Tweet Came From a Fringe Website, a Report Says"
62,,White House Prohibits Cabinet From Addressing Democratic Convention
63,,Partying on Both Sides of the Champs-Élysées
64,,Captured by the Lens of Bill Cunningham
65,,Viggo Mortensen Goes Off the Grid With ‘Captain Fantastic’
66,,"Michael Cimino, Director of ‘The Deer Hunter’ and ‘Heaven’s Gate,’ Dies at 77"
67,,"In New Jersey Student Loan Program, Even Death May Not Bring a Reprieve"
68,,Elie Wiesel Is Recalled at Funeral for a Legacy Beyond His Moral Voice
69,,Consummate Hitter Ichiro Suzuki Comes in Contact With an Irrefutable Number
70,,Justin Gatlin Zips to His Third Olympics in Winning the 100 Meters
71,,James Houghton: The ‘Samurai Spirit’ of Signature Theater
72,,Critic’s Notebook: Broadway Comes to a Laptop Near You
73,,"A Space Pioneer, 79, Is Ready to Track Juno for NASA"
74,,NASA Announces Extension of 9 Spacecraft Missions
75,,"Elie Wiesel, Auschwitz Survivor and Nobel Peace Prize Winner, Dies at 87"
76,,"Michael Cimino, Director of ‘The Deer Hunter’ and ‘Heaven’s Gate,’ Dies at 77"
77,,Review: A Sweet Take on British Identity Returns to PBS
78,,"Game of Thrones: In ‘Game of Thrones,’ the Pleasures of a Quickened Pace"
79,,"The New Old Age: What Doctors Know About How Bad It Is, and Won’t Say"
80,,Well: A Call for Action on Toxic Chemicals
81,,36 Hours: 36 Hours in Cleveland
82,,Frugal Traveler: 10 Free (or Cheap) Travel Apps Worth Downloading
83,,‘The Arrangements’: A Work of Fiction
84,,"Nonfiction: The Good, the True, the Beautiful and Chuck Klosterman"
85,,Wyoming Schools Look for a Middle Way for Transgender Students
86,,A Sea of Charter Schools in Detroit Leaves Students Adrift
87,,"What to Cook: Recipes, Fireworks, Songs"
88,,City Kitchen: Spicy Cold Noodles Offer an Antidote to Summer Heat
89,,Editorial: How to Revive the Promise of the European Union
90,,Frank Bruni: The Utter Inconsequence of Hillary’s Veep
91,,Outdoor Decor: A Checklist
92,,"What I Love: Tamron Hall, of the ‘Today’ Show, Feathers Her Nest"
93,,Disunion: Why the European Union Could Break if It Does Not Learn to Bend
94,,The 2016 Race: How Polling Can Go Wrong
95,,Feature: The Secrets in Guatemala’s Bones
96,,Feature: How ‘Advantage Players’ Game the Casinos
97,,"Self-Driving Tesla Was Involved in Fatal Crash, U.S. Says"
98,,Driven: Video Review: Hyundai’s Plug-In Sonata Saves Fuel With Understatement
99,,Portraits of London Life (and its Many Subcultures) in the ’70s and ’80s
100,,"Two Summery Cocktail Recipes, One Handy New App"
101,,Insider Podcasts: Paul Krugman on ‘Brexit’ and Its Impact
102,,An Irish-German-Chinese Perspective on ‘Brexit’
103,By DAN SHAW,"Tamron Hall, of the ‘Today’ Show, Feathers Her Nest"
104,,Search for Homes for Sale or Rent
105,,Sell Your Home
106,By JULIE BESONEN,Gramercy Park: Steeped in History and Grandeur
